start,end
2022-06-01T18:30,2022-06-01T19:30
2022-06-02T11:00,2022-06-02T11:40
2022-06-02T11:50,2022-06-02T12:15
2022-06-02T12:20,2022-06-02T12:45
2022-06-02T12:55,2022-06-02T13:45
2022-06-02T14:10,2022-06-02T15:25
2022-06-03T14:10,2022-06-03T14:51
2022-06-03T15:25,2022-06-03T17:35
2022-06-05T18:55,2022-06-05T20:40
2022-06-06T14:25,2022-06-06T16:00
2022-06-06T19:15,2022-06-06T20:30
2022-06-08T11:55,2022-06-08T12:55
2022-06-08T17:10,2022-06-08T18:20
2022-06-09T15:25,2022-06-09T16:15
2022-06-09T16:40,2022-06-09T18:00
2022-06-09T18:05,2022-06-09T19:20
2022-06-09T19:40,2022-06-09T21:40
2022-06-10T13:00,2022-06-10T14:10
2022-06-10T15:00,2022-06-10T17:00
2022-06-10T22:10,2022-06-10T22:50
2022-06-11T08:20,2022-06-11T09:30
2022-06-12T10:40,2022-06-12T11:05
2022-06-12T19:50,2022-06-12T22:10
2022-06-13T10:25,2022-06-13T11:50
2022-06-13T16:00,2022-06-13T17:40
2022-06-13T19:00,2022-06-13T20:30
2022-06-15T12:55,2022-06-15T13:10
2022-06-16T18:50,2022-06-16T19:15
2022-06-17T12:15,2022-06-17T14:00
2022-06-17T15:20,2022-06-17T17:20
2022-06-17T18:30,2022-06-17T19:15
2022-06-17T22:30,2022-06-17T23:20
2022-06-17T23:30,2022-06-18T01:10
2022-06-19T10:35,2022-06-19T13:05
2022-06-19T13:25,2022-06-19T15:25
2022-06-19T15:55,2022-06-19T18:20
2022-06-19T18:45,2022-06-19T19:20
2022-06-20T10:40,2022-06-20T13:15
2022-06-20T13:50,2022-06-20T15:10
